Game,Game Weekly Change,Number of Appearances in Weekly Top 100,Game Release Date,Game Genre,Game Developer,Game Publisher,Game Price USD,Game Recent Reviews,Game Total Reviews,Game Description,Game Steam Link
PUBG: BATTLEGROUNDS,4,382,"Dec 21, 2017","Action, Adventure, Massively Multiplayer, Free to Play","KRAFTON, Inc.","KRAFTON, Inc.",Free to Play,21082,2395339,"Play PUBG: BATTLEGROUNDS for free. Land on strategic locations, loot weapons and supplies, and survive to become the last team standing across various, diverse Battlegrounds. Squad up and join the Battlegrounds for the original Battle Royale experience that only PUBG: BATTLEGROUNDS can offer.",https://store.steampowered.com/app/578080/PUBG_BATTLEGROUNDS?snr=1_7001_7002__7003
Dota 2,13,346,"Jul 9, 2013","Action, Strategy, Free to Play",Valve,Valve,Free to Play,20610,2276415,"Every day, millions of players worldwide enter battle as one of over a hundred Dota heroes. And no matter if it's their 10th hour of play or 1,000th, there's always something new to discover. With regular updates that ensure a constant evolution of gameplay, features, and heroes, Dota 2 has taken on a life of its own.",https://store.steampowered.com/app/570/Dota_2?snr=1_7001_7002__7003
The First Descendant,-2,2,"Jun 30, 2024","Action, Adventure, RPG, Free to Play","NEXON Games Co., Ltd.",NEXON,Free To Play,60214,,The First Descendant is a third-person looter shooter powered by Unreal Engine 5. Become a Descendant. Fight for the survival of humanity. Descendants have unique abilities to tackle both solo and co-op missions. Up to 4 players use varied mechanics to defeat giant bosses. BE THE FIRST DESCENDANT!,https://store.steampowered.com/app/2074920/The_First_Descendant?snr=1_7001_7002__7003
Counter-Strike 2,-1,623,"Aug 21, 2012","Action, Free to Play",Valve,Valve,Free to Play,66825,8155703,"For over two decades, Counter-Strike has offered an elite competitive experience, one shaped by millions of players from across the globe. And now the next chapter in the CS story is about to begin. This is Counter-Strike 2.",https://store.steampowered.com/app/730/CounterStrike_2?snr=1_7001_7002__7003
Steam Deck,-1,125,,,,,,,,,https://store.steampowered.com/app/1675200/Steam_Deck?snr=1_7001_7002__7003
ELDEN RING,-4,33,"Feb 24, 2022","Action, RPG",FromSoftware Inc.,FromSoftware Inc.,$59.99,60069,675017,"THE NEW FANTASY ACTION RPG. Rise, Tarnished, and be guided by grace to brandish the power of the Elden Ring and become an Elden Lord in the Lands Between.",https://store.steampowered.com/app/1245620/ELDEN_RING?snr=1_7001_7002__7003
Apex Legends™,17,193,"Nov 4, 2020","Action, Adventure, Free to Play",Respawn,Electronic Arts,Free to Play,43756,878015,"Apex Legends is the award-winning, free-to-play Hero Shooter from Respawn Entertainment. Master an ever-growing roster of legendary characters with powerful abilities, and experience strategic squad play and innovative gameplay in the next evolution of Hero Shooter and Battle Royale.",https://store.steampowered.com/app/1172470/Apex_Legends?snr=1_7001_7002__7003
Once Human,NEW,1,"Jul 9, 2024","Action, Adventure, RPG, Simulation, Strategy, Free to Play",Starry Studio,Starry Studio,Free To Play,34829,,"Once Human is a multiplayer open-world survival game set in a strange, post-apocalyptic future. Unite with friends to fight monstrous enemies, uncover secret plots, compete for resources, and build your own territory. Once, you were merely human. Now, you have the power to remake the world.",https://store.steampowered.com/app/2139460/Once_Human?snr=1_7001_7002__7003
Baldur's Gate 3,-3,69,"Aug 3, 2023","Adventure, RPG, Strategy",Larian Studios,Larian Studios,$59.99,10730,560292,"Baldur’s Gate 3 is a story-rich, party-based RPG set in the universe of Dungeons & Dragons, where your choices shape a tale of fellowship and betrayal, survival and sacrifice, and the lure of absolute power.",https://store.steampowered.com/app/1086940/Baldurs_Gate_3?snr=1_7001_7002__7003
ELDEN RING Shadow of the Erdtree,-3,11,"Jun 20, 2024","Action, RPG",FromSoftware Inc.,FromSoftware Inc.,$39.99,73592,,,https://store.steampowered.com/app/2778580/ELDEN_RING_Shadow_of_the_Erdtree?snr=1_7001_7002__7003
Chained Together,-2,4,"Jun 19, 2024","Adventure, Casual, Indie, Simulation",Anegar Games,Anegar Games,$4.99,16787,,"From the depths of hell, climb chained to your friends through diverse worlds. Solo or co-op, try to reach the summit and discover what awaits you there...",https://store.steampowered.com/app/2567870/Chained_Together?snr=1_7001_7002__7003
NARAKA: BLADEPOINT,-4,153,"Aug 11, 2021","Action, Adventure, Massively Multiplayer",24 Entertainment,NetEase Games Global,Free To Play,8768,236276,"Dive into the legends of the Far East in NARAKA: BLADEPOINT; team up with friends in fast-paced melee fights for a Battle Royale experience unlike any other. Find your playstyle with a varied cast of heroes with unique skills. More than 20 million players have already joined the fray, play free now!",https://store.steampowered.com/app/1203220/NARAKA_BLADEPOINT?snr=1_7001_7002__7003
Cyberpunk 2077,-3,58,"Dec 9, 2020",RPG,CD PROJEKT RED,CD PROJEKT RED,$59.99,8315,666705,"Cyberpunk 2077 is an open-world, action-adventure RPG set in the dark future of Night City — a dangerous megalopolis obsessed with power, glamor, and ceaseless body modification.",https://store.steampowered.com/app/1091500/Cyberpunk_2077?snr=1_7001_7002__7003
Destiny 2,0,36,"Oct 1, 2019","Action, Adventure, Free to Play",Bungie,Bungie,Free To Play,5433,606746,"Destiny 2 is an action MMO with a single evolving world that you and your friends can join anytime, anywhere, absolutely free.",https://store.steampowered.com/app/1085660/Destiny_2?snr=1_7001_7002__7003
Grand Theft Auto V,-2,496,"Apr 14, 2015","Action, Adventure",Rockstar North,Rockstar Games,$19.99,22229,1672635,"Grand Theft Auto V for PC offers players the option to explore the award-winning world of Los Santos and Blaine County in resolutions of up to 4k and beyond, as well as the chance to experience the game running at 60 frames per second.",https://store.steampowered.com/app/271590/Grand_Theft_Auto_V?snr=1_7001_7002__7003
Black Myth: Wukong,4,6,"Aug 19, 2024","Action, Adventure, RPG",Game Science,Game Science,$59.99,,,"Black Myth: Wukong is an action RPG rooted in Chinese mythology. You shall set out as the Destined One to venture into the challenges and marvels ahead, to uncover the obscured truth beneath the veil of a glorious legend from the past.",https://store.steampowered.com/app/2358720/Black_Myth_Wukong?snr=1_7001_7002__7003
Red Dead Redemption 2,-5,3,"Dec 5, 2019","Action, Adventure",Rockstar Games,Rockstar Games,$59.99,13249,547502,"Winner of over 175 Game of the Year Awards and recipient of over 250 perfect scores, RDR2 is the epic tale of outlaw Arthur Morgan and the infamous Van der Linde gang, on the run across America at the dawn of the modern age. Also includes access to the shared living world of Red Dead Online.",https://store.steampowered.com/app/1174180/Red_Dead_Redemption_2?snr=1_7001_7002__7003
War Thunder,-2,241,"Aug 15, 2013","Action, Massively Multiplayer, Simulation, Free to Play",Gaijin Entertainment,Gaijin Network Ltd,Free to Play,12020,509452,"War Thunder is the most comprehensive free-to-play, cross-platform, MMO military game dedicated to aviation, armoured vehicles, and naval craft, from the early 20th century to the most advanced modern combat units. Join now and take part in major battles on land, in the air, and at sea.",https://store.steampowered.com/app/236390/War_Thunder?snr=1_7001_7002__7003
Forza Horizon 4,-8,3,"Mar 9, 2021",Racing,Playground Games,Xbox Game Studios,$59.99,16443,218672,Dynamic seasons change everything at the world’s greatest automotive festival. Go it alone or team up with others to explore beautiful and historic Britain in a shared open world.,https://store.steampowered.com/app/1293830/Forza_Horizon_4?snr=1_7001_7002__7003
EA SPORTS FC™ 24,-3,53,"Sep 28, 2023","Simulation, Sports",EA Canada & EA Romania,Electronic Arts,$69.99,9700,77500,"EA SPORTS FC™ 24 welcomes you to The World’s Game: the most true-to-football experience ever with HyperMotionV, PlayStyles optimised by Opta, and an enhanced Frostbite™ Engine.",https://store.steampowered.com/app/2195250/EA_SPORTS_FC_24?snr=1_7001_7002__7003
Palworld,7,26,"Jan 18, 2024","Action, Adventure, Indie, RPG, Early Access",Pocketpair,Pocketpair,$29.99,7690,268089,"Fight, farm, build and work alongside mysterious creatures called ""Pals"" in this completely new multiplayer, open world survival and crafting game!",https://store.steampowered.com/app/1623730/Palworld?snr=1_7001_7002__7003
Yu-Gi-Oh! Master Duel,RETURNING,1,"Jan 18, 2022","Simulation, Strategy, Free to Play",KONAMI,KONAMI,Free To Play,1021,74967,"Yu-Gi-Oh! MASTER DUEL is the ultimate free-to-play cross-platform strategy card game with fast-paced Duels, stunning HD graphics and a new, dynamic soundtrack! Get ready to challenge Duelists around the world!",https://store.steampowered.com/app/1449850/YuGiOh_Master_Duel?snr=1_7001_7002__7003
Tom Clancy's Rainbow Six® Siege,13,453,"Dec 1, 2015",Action,Ubisoft Montreal,Ubisoft,$19.99,10231,1106227,"Tom Clancy's Rainbow Six® Siege is an elite, tactical team-based shooter where superior planning and execution triumph.",https://store.steampowered.com/app/359550/Tom_Clancys_Rainbow_Six_Siege?snr=1_7001_7002__7003
Stardew Valley,-5,22,"Feb 26, 2016","Indie, RPG, Simulation",ConcernedApe,ConcernedApe,$14.99,15806,623362,"You've inherited your grandfather's old farm plot in Stardew Valley. Armed with hand-me-down tools and a few coins, you set out to begin your new life. Can you learn to live off the land and turn these overgrown fields into a thriving home?",https://store.steampowered.com/app/413150/Stardew_Valley?snr=1_7001_7002__7003
Warframe,7,85,"Mar 25, 2013","Action, RPG, Free to Play",Digital Extremes,Digital Extremes,Free to Play,4907,583214,Awaken as an unstoppable warrior and battle alongside your friends in this story-driven free-to-play online action game,https://store.steampowered.com/app/230410/Warframe?snr=1_7001_7002__7003
Rust,4,473,"Feb 8, 2018","Action, Adventure, Indie, Massively Multiplayer, RPG",Facepunch Studios,Facepunch Studios,$39.99,12891,894721,"The only aim in Rust is to survive. Everything wants you to die - the island’s wildlife and other inhabitants, the environment, other survivors. Do whatever it takes to last another night.",https://store.steampowered.com/app/252490/Rust?snr=1_7001_7002__7003
Snowbreak: Containment Zone,RETURNING,1,"Dec 24, 2023","Action, Adventure, RPG",Amazing Seasun Games,Amazing Seasun Games,Free To Play,756,4126,"The new 3D Waifu Sci-Fi RPG Shooter is here! Aim at fate, fight by our side! Clear the specified stage to claim an Orange-Tier Operative!",https://store.steampowered.com/app/2668080/Snowbreak_Containment_Zone?snr=1_7001_7002__7003
Dead by Daylight,-5,381,"Jun 14, 2016",Action,Behaviour Interactive Inc.,Behaviour Interactive Inc.,$19.99,5327,530610,"Dead by Daylight is a multiplayer (4vs1) horror game where one player takes on the role of the savage Killer, and the other four players play as Survivors, trying to escape the Killer and avoid being caught and killed.",https://store.steampowered.com/app/381210/Dead_by_Daylight?snr=1_7001_7002__7003
Overwatch® 2,RETURNING,1,"Aug 10, 2023","Action, Free to Play","Blizzard Entertainment, Inc.","Blizzard Entertainment, Inc.",Free to Play,9070,280713,"Overwatch 2 is a critically acclaimed, team-based shooter game set in an optimistic future with an evolving roster of heroes. Team up with friends and jump in today.",https://store.steampowered.com/app/2357570/Overwatch_2?snr=1_7001_7002__7003
FINAL FANTASY XIV Online,-4,29,"Feb 18, 2014","Massively Multiplayer, RPG",Square Enix,Square Enix,$19.99,1149,69223,"Join over 30 million adventurers worldwide and take part in an epic and ever-changing FINAL FANTASY. Experience an unforgettable story, exhilarating battles, and a myriad of captivating environments to explore.",https://store.steampowered.com/app/39210/FINAL_FANTASY_XIV_Online?snr=1_7001_7002__7003
The Witcher 3: Wild Hunt,-13,3,"May 18, 2015",RPG,CD PROJEKT RED,CD PROJEKT RED,$39.99,8286,717044,"You are Geralt of Rivia, mercenary monster slayer. Before you stands a war-torn, monster-infested continent you can explore at will. Your current contract? Tracking down Ciri — the Child of Prophecy, a living weapon that can alter the shape of the world.",https://store.steampowered.com/app/292030/The_Witcher_3_Wild_Hunt?snr=1_7001_7002__7003
Euro Truck Simulator 2,-10,9,"Oct 18, 2012","Indie, Simulation",SCS Software,SCS Software,$19.99,12511,581962,"Travel across Europe as king of the road, a trucker who delivers important cargo across impressive distances! With dozens of cities to explore, your endurance, skill and speed will all be pushed to their limits.",https://store.steampowered.com/app/227300/Euro_Truck_Simulator_2?snr=1_7001_7002__7003
Hogwarts Legacy,-12,3,"Feb 10, 2023","Action, Adventure, RPG",Avalanche Software,Warner Bros. Games,$59.99,4611,196571,"Hogwarts Legacy is an immersive, open-world action RPG. Now you can take control of the action and be at the center of your own adventure in the wizarding world.",https://store.steampowered.com/app/990080/Hogwarts_Legacy?snr=1_7001_7002__7003
Forza Horizon 5,-9,151,"Nov 8, 2021","Action, Adventure, Racing, Simulation, Sports",Playground Games,Xbox Game Studios,$59.99,6136,171396,"Explore the vibrant open world landscapes of Mexico with limitless, fun driving action in the world’s greatest cars. Blast off into Forza Horizon 5: Hot Wheels or Conquer the Sierra Nueva in the ultimate Horizon Rally Adventure experience. Requires Forza Horizon 5 game, expansion sold separately.",https://store.steampowered.com/app/1551360/Forza_Horizon_5?snr=1_7001_7002__7003
KINGDOM HEARTS -HD 1.5+2.5 ReMIX-,-4,5,"Jun 13, 2024","Action, Adventure, RPG",Square Enix,Square Enix,$49.99,2044,3606,KINGDOM HEARTS -HD 1.5+2.5 ReMIX- is an HD remastered collection of 6 unforgettable KINGDOM HEARTS experiences. Take up your Keyblade to save the Disney worlds from darkness.,https://store.steampowered.com/app/2552430/KINGDOM_HEARTS_HD_1525_ReMIX?snr=1_7001_7002__7003
Last Epoch,RETURNING,1,"Feb 21, 2024","Action, Adventure, Indie, RPG",Eleventh Hour Games,Eleventh Hour Games,$34.99,2210,86792,"Uncover the Past, Reforge the Future. Ascend into one of 15 mastery classes and explore dangerous dungeons, hunt epic loot, craft legendary weapons, and wield the power of over a hundred transformative skill trees. Last Epoch is being developed by a team of passionate Action RPG enthusiasts.",https://store.steampowered.com/app/899770/Last_Epoch?snr=1_7001_7002__7003
Call of Duty®,15,105,"Oct 28, 2022",Action,"Sledgehammer Games, Treyarch, Infinity Ward, , , ,",Activision,$69.99,4783,322597,"Call of Duty® HQ supports Call of Duty®: Black Ops 6, Call of Duty®: Modern Warfare® III, Call of Duty®: Modern Warfare® II and Call of Duty®: Warzone™.",https://store.steampowered.com/app/1938090/Call_of_Duty?snr=1_7001_7002__7003
Sekiro™: Shadows Die Twice - GOTY Edition,-11,3,"Mar 21, 2019","Action, Adventure",FromSoftware,Activision (Excluding Japan and Asia),$59.99,4608,211105,"Game of the Year - The Game Awards 2019 Best Action Game of 2019 - IGN Carve your own clever path to vengeance in the award winning adventure from developer FromSoftware, creators of Bloodborne and the Dark Souls series. Take Revenge. Restore Your Honor. Kill Ingeniously.",https://store.steampowered.com/app/814380/Sekiro_Shadows_Die_Twice__GOTY_Edition?snr=1_7001_7002__7003
Sid Meier’s Civilization® VI,-2,6,"Oct 20, 2016",Strategy,"Firaxis Games, Aspyr (Mac), Aspyr (Linux)",2K,$59.99,5741,231869,"Civilization VI is the newest installment in the award winning Civilization Franchise. Expand your empire, advance your culture and go head-to-head against history’s greatest leaders. Will your civilization stand the test of time?",https://store.steampowered.com/app/289070/Sid_Meiers_Civilization_VI?snr=1_7001_7002__7003
Fallout 76,-1,17,"Apr 14, 2020",RPG,Bethesda Game Studios,Bethesda Softworks,$39.99,1375,59879,"Bethesda Game Studios welcome you to Fallout 76. Twenty-five years after the bombs fall, you and your fellow Vault Dwellers emerge into post-nuclear America. Explore a vast wasteland in this open-world multiplayer addition to the Fallout story.",https://store.steampowered.com/app/1151340/Fallout_76?snr=1_7001_7002__7003
V Rising,41,3,"May 8, 2024","Action, Adventure, Massively Multiplayer",Stunlock Studios,Stunlock Studios,$34.99,2146,83707,"Awaken as a Vampire. Hunt for blood in nearby settlements to regain your strength and evade the scorching sun to survive. Raise your castle and thrive in an ever-changing, open world full of mystery. Gain allies online and conquer the land of the living.",https://store.steampowered.com/app/1604030/V_Rising?snr=1_7001_7002__7003
The Sims™ 4,-13,195,"Sep 2, 2014","Adventure, Casual, Simulation, Free to Play",Maxis,Electronic Arts,Free To Play,4115,143240,Play with life and discover the possibilities. Unleash your imagination and create a world of Sims that’s wholly unique. Explore and customize every detail from Sims to homes–and much more.,https://store.steampowered.com/app/1222670/The_Sims_4?snr=1_7001_7002__7003
HELLDIVERS™ 2,4,26,"Feb 8, 2024",Action,Arrowhead Game Studios,PlayStation Publishing LLC,$39.99,7467,651786,"The Galaxy’s Last Line of Offence. Enlist in the Helldivers and join the fight for freedom across a hostile galaxy in a fast, frantic, and ferocious third-person shooter.",https://store.steampowered.com/app/553850/HELLDIVERS_2?snr=1_7001_7002__7003
Lost Ark,30,132,"Feb 11, 2022","Action, Adventure, Massively Multiplayer, RPG, Free to Play",Smilegate RPG,Amazon Games,Free To Play,507,199999,"Embark on an odyssey for the Lost Ark in a vast, vibrant world: explore new lands, seek out lost treasures, and test yourself in thrilling action combat in this action-packed free-to-play RPG.",https://store.steampowered.com/app/1599340/Lost_Ark?snr=1_7001_7002__7003
Sons Of The Forest,-10,73,"Feb 22, 2024","Action, Adventure, Indie, Simulation",Endnight Games Ltd,Newnight,$29.99,3700,178139,"Sent to find a missing billionaire on a remote island, you find yourself in a cannibal-infested hellscape. Craft, build, and struggle to survive, alone or with friends, in this terrifying new open-world survival horror simulator.",https://store.steampowered.com/app/1326470/Sons_Of_The_Forest?snr=1_7001_7002__7003
Cyberpunk 2077: Phantom Liberty,-12,3,"Sep 25, 2023",RPG,CD PROJEKT RED,CD PROJEKT RED,$29.99,439,15020,,https://store.steampowered.com/app/2138330/Cyberpunk_2077_Phantom_Liberty?snr=1_7001_7002__7003
NieR:Automata™,RETURNING,1,"Mar 17, 2017","Action, RPG","Square Enix, PlatinumGames Inc.",Square Enix,$39.99,1223,95564,"NieR: Automata tells the story of androids 2B, 9S and A2 and their battle to reclaim the machine-driven dystopia overrun by powerful machines.",https://store.steampowered.com/app/524220/NieRAutomata?snr=1_7001_7002__7003
The Elder Scrolls® Online,7,495,"Apr 4, 2014","Action, Adventure, Massively Multiplayer, RPG",ZeniMax Online Studios,Bethesda Softworks,$19.99,763,121683,"Join over 22 million players in the award-winning online multiplayer RPG and experience limitless adventure in a persistent Elder Scrolls world. Battle, craft, steal, or explore, and combine different types of equipment and abilities to create your own style of play. No game subscription required.",https://store.steampowered.com/app/306130/The_Elder_Scrolls_Online?snr=1_7001_7002__7003
Lies of P,34,3,"Sep 18, 2023","Action, Adventure, RPG",NEOWIZ,NEOWIZ,$59.99,1472,28533,"Lies of P is a thrilling soulslike that takes the story of Pinocchio, turns it on its head, and sets it against the darkly elegant backdrop of the Belle Epoque era.",https://store.steampowered.com/app/1627720/Lies_of_P?snr=1_7001_7002__7003
Dark and Darker,16,6,"Jun 7, 2024","Action, RPG, Free to Play, Early Access",IRONMACE,IRONMACE,Free to Play,16461,36370,"An unforgiving hardcore fantasy FPS dungeon PvPvE adventure. Band together with your friends and use your courage, wits, and cunning to uncover mythical treasures, defeat gruesome monsters, while staying one step ahead of the other devious treasure-hunters.",https://store.steampowered.com/app/2016590/Dark_and_Darker?snr=1_7001_7002__7003
Manor Lords,-18,12,"Apr 26, 2024","Simulation, Strategy, Early Access",Slavic Magic,Hooded Horse,$39.99,2772,44219,"Manor Lords is a medieval strategy game featuring in-depth city building, large-scale tactical battles, and complex economic and social simulations. Rule your lands as a medieval lord – the seasons pass, the weather changes, and cities rise and fall.",https://store.steampowered.com/app/1363080/Manor_Lords?snr=1_7001_7002__7003
Black Desert,-1,177,"May 24, 2017","Action, Adventure, Massively Multiplayer, RPG, Simulation, Strategy",Pearl Abyss,Pearl Abyss,$9.99,686,55553,"Played by over 20 million Adventurers - Black Desert Online is an open-world, action MMORPG. Experience intense, action-packed combat, battle massive world bosses, fight alongside friends to siege and conquer castles, and train in professions such as fishing, trading, crafting, cooking, and more!",https://store.steampowered.com/app/582660/Black_Desert?snr=1_7001_7002__7003
Street Fighter™ 6,-7,10,"Jun 1, 2023","Action, Adventure","CAPCOM Co., Ltd.","CAPCOM Co., Ltd.",$59.99,1534,27248,"Here comes Capcom’s newest challenger! Street Fighter™ 6 launches worldwide on June 2nd, 2023 and represents the next evolution of the Street Fighter™ series! Street Fighter 6 spans three distinct game modes, including World Tour, Fighting Ground and Battle Hub.",https://store.steampowered.com/app/1364780/Street_Fighter_6?snr=1_7001_7002__7003
Sea of Thieves: 2024 Edition,-5,22,"Jun 3, 2020","Action, Adventure",Rare Ltd,Xbox Game Studios,$39.99,4050,288512,"Sea of Thieves is a smash-hit pirate adventure game, offering the quintessential pirate experience of plundering lost treasures, intense battles, vanquishing sea monsters and more. Dive in with this revised edition of the game, which includes access to digital bonus media.",https://store.steampowered.com/app/1172620/Sea_of_Thieves_2024_Edition?snr=1_7001_7002__7003
American Truck Simulator,-12,3,"Feb 2, 2016","Indie, Simulation",SCS Software,SCS Software,$19.99,2968,127444,"Experience legendary American trucks and deliver various cargoes across sunny California, sandy Nevada, and the Grand Canyon State of Arizona. American Truck Simulator takes you on a journey through the breathtaking landscapes and widely recognized landmarks around the States.",https://store.steampowered.com/app/270880/American_Truck_Simulator?snr=1_7001_7002__7003
Total War: WARHAMMER III,-18,3,"Feb 16, 2022","Action, Strategy","CREATIVE ASSEMBLY, Feral Interactive",SEGA,$59.99,2723,73620,"The cataclysmic conclusion to the Total War: WARHAMMER trilogy is here. Rally your forces and step into the Realm of Chaos, a dimension of mind-bending horror where the very fate of the world will be decided. Will you conquer your Daemons… or command them?",https://store.steampowered.com/app/1142710/Total_War_WARHAMMER_III?snr=1_7001_7002__7003
Battlefield™ 2042,-15,3,"Nov 19, 2021","Action, Adventure, Casual",DICE,Electronic Arts,$59.99,4919,208218,It’s all or nothing in Season 7: Turning Point. Battlefield™ 2042 is a first-person shooter that marks the return to the iconic all-out warfare of the franchise.,https://store.steampowered.com/app/1517290/Battlefield_2042?snr=1_7001_7002__7003
Call of Duty®: Modern Warfare® III,-13,19,"Nov 10, 2023",Action,"Sledgehammer Games, Treyarch, Infinity Ward, , , ,",Activision,$69.99,492,10007,"In the direct sequel to the record-breaking Call of Duty®: Modern Warfare® II, Captain Price and Task Force 141 face off against the ultimate threat.",https://store.steampowered.com/app/2519060/Call_of_Duty_Modern_Warfare_III?snr=1_7001_7002__7003
Ready or Not,-19,3,"Dec 13, 2023","Action, Adventure, Indie",VOID Interactive,VOID Interactive,$49.99,3592,143928,"Ready or Not is an intense, tactical, first-person shooter that depicts a modern-day world in which SWAT police units are called to defuse hostile and confronting situations.",https://store.steampowered.com/app/1144200/Ready_or_Not?snr=1_7001_7002__7003
Phasmophobia,7,2,"Sep 18, 2020","Action, Indie, Early Access",Kinetic Games,Kinetic Games,$13.99,9474,562661,Phasmophobia is a 4 player online co-op psychological horror. Paranormal activity is on the rise and it’s up to you and your team to use all the ghost-hunting equipment at your disposal in order to gather as much evidence as you can.,https://store.steampowered.com/app/739630/Phasmophobia?snr=1_7001_7002__7003
Ghost of Tsushima DIRECTOR'S CUT,12,12,"May 16, 2024","Action, Adventure","Sucker Punch Productions, Nixxes Software",PlayStation Publishing LLC,$59.99,3302,23445,"A storm is coming. Venture into the complete Ghost of Tsushima DIRECTOR’S CUT on PC; forge your own path through this open-world action adventure and uncover its hidden wonders. Brought to you by Sucker Punch Productions, Nixxes Software and PlayStation Studios.",https://store.steampowered.com/app/2215430/Ghost_of_Tsushima_DIRECTORS_CUT?snr=1_7001_7002__7003
Age of Mythology: Retold,NEW,1,"Sep 4, 2024",Strategy,"World's Edge, Forgotten Empires, Tantalus Media, ,",Xbox Game Studios,$24.99,,,"From the creators of the award-winning Age of Empires franchise, Age of Mythology: Retold goes beyond history to a mythical age where gods, monsters, and humans collide.",https://store.steampowered.com/app/1934680/Age_of_Mythology_Retold?snr=1_7001_7002__7003
DRAGON BALL Z: KAKAROT,RETURNING,1,"Jan 16, 2020","Action, RPG",CyberConnect2 Co. Ltd.,Bandai Namco Entertainment Inc.,$59.99,630,38023,"Relive the story of Goku and other Z Fighters in DRAGON BALL Z: KAKAROT! Beyond the epic battles, experience life in the DRAGON BALL Z world as you fight, fish, eat, and train with Goku, Gohan, Vegeta and others.",https://store.steampowered.com/app/851850/DRAGON_BALL_Z_KAKAROT?snr=1_7001_7002__7003
Team Fortress 2,RETURNING,1,"Oct 10, 2007","Action, Free to Play",Valve,Valve,Free to Play,11616,1109587,"Nine distinct classes provide a broad range of tactical abilities and personalities. Constantly updated with new game modes, maps, equipment and, most importantly, hats!",https://store.steampowered.com/app/440/Team_Fortress_2?snr=1_7001_7002__7003
Anger Foot,NEW,1,"Jul 11, 2024","Action, Indie",Free Lives,Devolver Digital,$24.99,820,,Anger Foot is a lightning fast action FPS where the only things harder than your ass kicking feet are the ass kicking beats.,https://store.steampowered.com/app/1978590/Anger_Foot?snr=1_7001_7002__7003
RimWorld,-8,3,"Oct 17, 2018","Indie, Simulation, Strategy",Ludeon Studios,Ludeon Studios,$49.99,1869,160669,"A sci-fi colony sim driven by an intelligent AI storyteller. Generates stories by simulating psychology, ecology, gunplay, melee combat, climate, biomes, diplomacy, interpersonal relationships, art, medicine, trade, and more.",https://store.steampowered.com/app/294100/RimWorld?snr=1_7001_7002__7003
Supermarket Simulator,-13,2,"Feb 20, 2024","Casual, Indie, Simulation, Early Access",Nokta Games,Nokta Games,$12.99,5480,41493,"Run your own supermarket. Stock shelves, set prices as you'd like, take payments, hire staff, expand and design your store. Online orders & delivery, shoplifters, security, local market are upcoming.",https://store.steampowered.com/app/2670630/Supermarket_Simulator?snr=1_7001_7002__7003
DAVE THE DIVER,-15,3,"Jun 28, 2023","Adventure, Casual, RPG, Simulation",MINTROCKET,MINTROCKET,$19.99,4277,98814,"DAVE THE DIVER is a casual, singleplayer adventure RPG featuring deep-sea exploration and fishing during the day and sushi restaurant management at night. Join Dave and his quirky friends as they seek to uncover the secrets of the mysterious Blue Hole.",https://store.steampowered.com/app/1868140/DAVE_THE_DIVER?snr=1_7001_7002__7003
Dying Light 2 Stay Human: Reloaded Edition,RETURNING,1,"Feb 3, 2022","Action, Adventure, RPG",Techland,Techland,$59.99,1885,129022,"Humanity is fighting a losing battle against the virus. Experience a post-apocalyptic open world overrun by hordes of zombies, where your parkour and combat skills are key to survival. Traverse the City freely during the day, but watch the monsters take over during the night.",https://store.steampowered.com/app/534380/Dying_Light_2_Stay_Human_Reloaded_Edition?snr=1_7001_7002__7003
Lethal Company,19,2,"Oct 23, 2023","Action, Adventure, Indie, Early Access",Zeekerss,Zeekerss,$9.99,9694,334480,A co-op horror about scavenging at abandoned moons to sell scrap to the Company.,https://store.steampowered.com/app/1966720/Lethal_Company?snr=1_7001_7002__7003
Hearts of Iron IV,-9,3,"Jun 6, 2016","Simulation, Strategy",Paradox Development Studio,Paradox Interactive,$49.99,3483,212774,"Victory is at your fingertips! Your ability to lead your nation is your supreme weapon, the strategy game Hearts of Iron IV lets you take command of any nation in World War II; the most engaging conflict in world history.",https://store.steampowered.com/app/394360/Hearts_of_Iron_IV?snr=1_7001_7002__7003
Persona 3 Reload,-1,3,"Feb 2, 2024","Adventure, RPG, Strategy",ATLUS,SEGA,$69.99,1021,16846,"Dive into the Dark Hour and awaken the depths of your heart. Persona 3 Reload is a captivating reimagining of the genre-defining RPG, reborn for the modern era with cutting-edge graphics and gameplay.",https://store.steampowered.com/app/2161700/Persona_3_Reload?snr=1_7001_7002__7003
Tom Clancy's Ghost Recon® Breakpoint,-32,3,"Jan 23, 2023","Action, Adventure",Ubisoft Paris,Ubisoft,$59.99,2649,20128,"Become a Ghost, fighting against a rogue spec ops faction called the Wolves, in the latest Tom Clancy's Ghost Recon®!",https://store.steampowered.com/app/2231380/Tom_Clancys_Ghost_Recon_Breakpoint?snr=1_7001_7002__7003
Stellaris,-15,14,"May 9, 2016","Simulation, Strategy",Paradox Development Studio,Paradox Interactive,$39.99,1141,117823,"Explore a galaxy full of wonders in this sci-fi grand strategy game from Paradox Development Studios. Interact with diverse alien races, discover strange new worlds with unexpected events and expand the reach of your empire. Each new adventure holds almost limitless possibilities.",https://store.steampowered.com/app/281990/Stellaris?snr=1_7001_7002__7003
Jurassic World Evolution 2,-31,3,"Nov 9, 2021","Simulation, Strategy",Frontier Developments,Frontier Developments,$59.99,1644,24423,Jurassic World Evolution 2 is the much-anticipated sequel to Frontier’s highly successful Jurassic World Evolution. This bold new era in the Jurassic World Evolution game franchise builds upon the ground-breaking and immersive 2018 management simulation.,https://store.steampowered.com/app/1244460/Jurassic_World_Evolution_2?snr=1_7001_7002__7003
Call of Duty®: Black Ops III,-28,3,"Nov 6, 2015","Action, Adventure","Treyarch, Aspyr (Mac)",Activision,$14.99,2593,128451,Call of Duty®: Black Ops III Zombies Chronicles Edition includes the full base game plus the Zombies Chronicles content expansion.,https://store.steampowered.com/app/311210/Call_of_Duty_Black_Ops_III?snr=1_7001_7002__7003
Wallpaper Engine,RETURNING,1,Nov 2018,"Casual, Indie, Animation & Modeling, Design & Illustration, Photo Editing, Utilities",Wallpaper Engine Team,Wallpaper Engine Team,$3.99,11962,739283,Use stunning live wallpapers on your desktop. Animate your own images to create new wallpapers or import videos/websites and share them on the Steam Workshop!,https://store.steampowered.com/app/431960/Wallpaper_Engine?snr=1_7001_7002__7003
Project Zomboid,-14,3,"Nov 8, 2013","Indie, RPG, Simulation, Early Access",The Indie Stone,The Indie Stone,$19.99,6073,233960,"Project Zomboid is the ultimate in zombie survival. Alone or in MP: you loot, build, craft, fight, farm and fish in a struggle to survive. A hardcore RPG skillset, a vast map, massively customisable sandbox and a cute tutorial raccoon await the unwary. So how will you die? All it takes is a bite..",https://store.steampowered.com/app/108600/Project_Zomboid?snr=1_7001_7002__7003
Monster Hunter: World,-11,3,"Aug 8, 2018",Action,"CAPCOM Co., Ltd.","CAPCOM Co., Ltd.",$29.99,3532,270039,"Welcome to a new world! In Monster Hunter: World, the latest installment in the series, you can enjoy the ultimate hunting experience, using everything at your disposal to hunt monsters in a new world teeming with surprises and excitement.",https://store.steampowered.com/app/582010/Monster_Hunter_World?snr=1_7001_7002__7003
It Takes Two,-15,3,"Mar 25, 2021","Action, Adventure",Hazelight Studios,Electronic Arts,$39.99,2903,145451,Embark on the craziest journey of your life in It Takes Two. Invite a friend to join for free with Friend’s Pass and work together across a huge variety of gleefully disruptive gameplay challenges. Winner of GAME OF THE YEAR at the Game Awards 2021.,https://store.steampowered.com/app/1426210/It_Takes_Two?snr=1_7001_7002__7003
HITMAN World of Assassination,-20,4,"Jan 20, 2022","Action, Adventure",IO Interactive A/S,IO Interactive A/S,$29.99,2149,24577,"Enter the world of the ultimate assassin. HITMAN World of Assassination brings together the best of HITMAN, HITMAN 2 and HITMAN 3 including the main campaign, contract mode, escalations, elusive target arcades and the roguelike inspired game mode HITMAN: Freelancer.",https://store.steampowered.com/app/1659040/HITMAN_World_of_Assassination?snr=1_7001_7002__7003
Bodycam,18,6,"Jun 7, 2024","Action, Indie, Massively Multiplayer, Simulation, Strategy, Early Access",Reissad Studio,Reissad Studio,$33.32,5217,18379,"Bodycam is the first ultra-realistic multiplayer, first-person shooter game made using the latest technologies of the next-gen game engine Unreal Engine 5. Get ready to dive into fast-paced Bodycam actions, where every bullet counts and every choice can decide over the victory or loss of your team.",https://store.steampowered.com/app/2406770/Bodycam?snr=1_7001_7002__7003
ARMORED CORE™ VI FIRES OF RUBICON™,-13,3,"Aug 24, 2023",Action,FromSoftware Inc.,FromSoftware Inc.,$59.99,1087,54131,A new action game based on the concept of the ARMORED CORE series that uses the knowledge gained from FromSoftware's recent action game development.,https://store.steampowered.com/app/1888160/ARMORED_CORE_VI_FIRES_OF_RUBICON?snr=1_7001_7002__7003
Crusader Kings III,-6,3,"Sep 1, 2020","RPG, Simulation, Strategy",Paradox Development Studio,Paradox Interactive,$49.99,862,71116,"Love, fight, scheme, and claim greatness. Determine your noble house’s legacy in the sprawling grand strategy of Crusader Kings III. Death is only the beginning as you guide your dynasty’s bloodline in the rich and larger-than-life simulation of the Middle Ages.",https://store.steampowered.com/app/1158310/Crusader_Kings_III?snr=1_7001_7002__7003
Microsoft Flight Simulator 40th Anniversary Edition,-5,2,"Aug 17, 2020",Simulation,Asobo Studio,Xbox Game Studios,$59.99,1076,57173,"From gliders and helicopters to wide-body jets, fly highly detailed and accurate aircraft in the Microsoft Flight Simulator 40th Anniversary Edition. The world is at your fingertips.",https://store.steampowered.com/app/1250410/Microsoft_Flight_Simulator_40th_Anniversary_Edition?snr=1_7001_7002__7003
Raft,-5,2,"Jun 20, 2022","Adventure, Indie, Simulation",Redbeet Interactive,Axolot Games,$19.99,3912,271142,"Raft™ throws you and your friends into an epic oceanic adventure! Alone or together, players battle to survive a perilous voyage across a vast sea! Gather debris, scavenge reefs and build your own floating home, but be wary of the man-eating sharks!",https://store.steampowered.com/app/648800/Raft?snr=1_7001_7002__7003
Granblue Fantasy: Relink,-24,3,"Jan 31, 2024","Action, Adventure, RPG","Cygames, Inc.","Cygames, Inc.",$59.99,712,30865,A grand adventure in the skies awaits! Form a party of four from a diverse roster of skyfarers and slash—or shoot or hex—your way to victory against treacherous foes in this action RPG. Take on quests solo or with the help of others in up to 4-player co-op play!,https://store.steampowered.com/app/881020/Granblue_Fantasy_Relink?snr=1_7001_7002__7003
Horizon Forbidden West™ Complete Edition,-32,4,"Mar 21, 2024","Action, RPG","Guerrilla, Nixxes Software",PlayStation Publishing LLC,$59.99,950,9801,"Experience the epic Horizon Forbidden West™ in its entirety with bonus content and the Burning Shores expansion included. The Burning Shores add-on contains additional content for Aloy’s adventure, including new storylines, characters, and experiences in a stunning yet hazardous new area.",https://store.steampowered.com/app/2420110/Horizon_Forbidden_West_Complete_Edition?snr=1_7001_7002__7003
Battlefield™ V,-39,3,"Nov 9, 2018",Action,DICE,Electronic Arts,$49.99,6901,188392,"This is the ultimate Battlefield V experience. Enter mankind’s greatest conflict with the complete arsenal of weapons, vehicles, and gadgets plus the best customization content of Year 1 and 2.",https://store.steampowered.com/app/1238810/Battlefield_V?snr=1_7001_7002__7003
Content Warning,0,2,"Apr 1, 2024","Action, Adventure, Indie","thePetHen, Skog, Zorro, Wilnyl, Philip",Landfall Publishing,$7.99,5147,28206,Film your friends doing scary things to become SpöökTube famous! (strongly advised to not go alone),https://store.steampowered.com/app/2881650/Content_Warning?snr=1_7001_7002__7003
Satisfactory,RETURNING,1,"Jun 8, 2020","Adventure, Indie, Simulation, Strategy, Early Access",Coffee Stain Studios,Coffee Stain Publishing,$29.99,2780,141053,"Satisfactory is a first-person open-world factory building game with a dash of exploration and combat. Play alone or with friends, explore an alien planet, create multi-story factories, and enter conveyor belt heaven!",https://store.steampowered.com/app/526870/Satisfactory?snr=1_7001_7002__7003
Enshrouded,-16,3,"Jan 24, 2024","Action, Adventure, RPG, Early Access",Keen Games GmbH,Keen Games GmbH,$29.99,1473,47523,"You are Flameborn, last ember of hope of a dying race. Awaken, survive the terror of a corrupting fog, and reclaim the lost beauty of your kingdom. Venture into a vast world, vanquish punishing bosses, build grand halls and forge your path in this co-op survival action RPG for up to 16 players.",https://store.steampowered.com/app/1203620/Enshrouded?snr=1_7001_7002__7003
Batman™: Arkham Knight,-24,3,"Jun 23, 2015","Action, Adventure",Rocksteady Studios,WB Games,$19.99,2731,83450,"Batman™: Arkham Knight brings the award-winning Arkham trilogy from Rocksteady Studios to its epic conclusion. Developed exclusively for New-Gen platforms, Batman: Arkham Knight introduces Rocksteady's uniquely designed version of the Batmobile.",https://store.steampowered.com/app/208650/Batman_Arkham_Knight?snr=1_7001_7002__7003
Tom Clancy's Ghost Recon® Wildlands,-37,3,"Mar 6, 2017","Action, Adventure","Ubisoft Paris, Ubisoft Annecy, Ubisoft Bucharest, , , ,",Ubisoft,$49.99,2640,75212,"Create a team with up to 3 friends in Tom Clancy’s Ghost Recon® Wildlands and enjoy the ultimate military shooter experience set in a massive, dangerous, and responsive open world.",https://store.steampowered.com/app/460930/Tom_Clancys_Ghost_Recon_Wildlands?snr=1_7001_7002__7003
Middle-earth™: Shadow of War™,-35,3,"Oct 9, 2017","Action, Adventure, RPG",Monolith Productions,WB Games,Demo Middle-earth™: Shadow of War™,1645,74025,"Experience an epic open-world brought to life by the award-winning Nemesis System. Forge a new Ring of Power, conquer Fortresses in massive battles and dominate Mordor with your personal orc army in Middle-earth™: Shadow of War™.",https://store.steampowered.com/app/356190/Middleearth_Shadow_of_War?snr=1_7001_7002__7003
EARTH DEFENSE FORCE 6,NEW,1,"Jul 25, 2024",Action,SANDLOT,D3PUBLISHER,$59.99,,,"Live the future of despair.The year is 2024 AD. The survivors fought against the remaining threats while trying their best to continue their recovery.Three years passed in the year 2027. In a new world without hope, the time has come to once again resist the fate of the Earth.",https://store.steampowered.com/app/2291060/EARTH_DEFENSE_FORCE_6?snr=1_7001_7002__7003
Diablo® IV,RETURNING,1,"Oct 17, 2023","Action, RPG","Blizzard Entertainment, Inc.","Blizzard Entertainment, Inc.",$49.99,1255,20310,"Join the fight for Sanctuary in Diablo® IV, the ultimate action RPG adventure. Experience the critically acclaimed campaign and new seasonal content.",https://store.steampowered.com/app/2344520/Diablo_IV?snr=1_7001_7002__7003
Destiny 2: The Final Shape,0,2,"Jun 4, 2024","Action, Adventure, Free to Play",Bungie,Bungie,$49.99,367,5007,,https://store.steampowered.com/app/2336880/Destiny_2_The_Final_Shape?snr=1_7001_7002__7003
Persona 5 Royal,RETURNING,1,"Oct 21, 2022",RPG,ATLUS,SEGA,$59.99,1978,50242,"Don the mask and join the Phantom Thieves of Hearts as they stage grand heists, infiltrate the minds of the corrupt, and make them change their ways!",https://store.steampowered.com/app/1687950/Persona_5_Royal?snr=1_7001_7002__7003
Subnautica,RETURNING,1,"Jan 23, 2018","Adventure, Indie",Unknown Worlds Entertainment,Unknown Worlds Entertainment,$29.99,4389,249921,"Descend into the depths of an alien underwater world filled with wonder and peril. Craft equipment, pilot submarines and out-smart wildlife to explore lush coral reefs, volcanoes, cave systems, and more - all while trying to survive.",https://store.steampowered.com/app/264710/Subnautica?snr=1_7001_7002__7003
